"bin_max_o3","bin_max_alt"
0.087301055749587,7.04865180281539
