"bin_max_o3","bin_max_alt"
0.0940293811987633,3.91787230592016
