"bin_max_o3","bin_max_alt"
0.0843943483150817,7.89109789152461
