"mod_max_o3","mod_max_alt"
1691098505.47197,2.83399499833278
657668420.472761,3.38681527175725
5209707780.31243,5.87304401467156
4919008760.49592,7.165882960987
4679876902.48909,7.96147615871957
