"mod_max_o3","mod_max_alt"
1779142062.27947,2.82522007335779
701637907.019334,3.39851517172391
5149853890.15621,5.88181893964655
4913257113.25263,7.3355315105035
4599866644.36318,7.93222640880293
