"mod_max_o3","mod_max_alt"
1661837965.88913,2.8486198732911
660648078.170477,3.38974024674892
5169737002.28118,5.87304401467156
4899963839.18606,7.09568356118706
4749743546.85227,7.9351513837946
