"mod_max_o3","mod_max_alt"
0.081572497378312,4.41946682227409
