"mod_max_o3","mod_max_alt"
1996612766.44454,2.81317605868623
721504535.06384,3.40687295765255
5179702428.73433,5.88334344781594
4679854037.72465,8.59926075358453
2813915439.70314,10.7214811603868
