"mod_max_o3","mod_max_alt"
0.120336937631781,7.21773957985995
