"bin_max_o3","bin_max_alt"
0.0939808992397732,3.915072024008
