"bin_max_o3","bin_max_alt"
0.0908409685077587,3.15636845615205
