"bin_max_o3","bin_max_alt"
0.0844065178891557,7.88544981660553
