"bin_max_o3","bin_max_alt"
0.0873013286010687,7.02421873957986
